<?xml version="1.0" encoding="utf-8"?>
<translator>
	<module name="mainframe" >
		<source name="titleMsgboxInfo">
			<cn translate="提示" />
			<tw translate="提示" />
			<en translate="Tips" />
		</source>
		<source name="tipsEarphoneDiscon">
			<cn translate="耳机断线" />
			<tw translate="耳機斷線" />
			<en translate="Earphone is disconnect" />
		</source>
		<source name="tipsEarphoneCon">
			<cn translate="耳机就绪" />
			<tw translate="耳機就緒" />
			<en translate="Earphone is ready" />
		</source>
		<source name="tipsTxtEarphone">
			<cn translate="耳机状态：" />
			<tw translate="耳機狀態：" />
			<en translate="Earphone Status:" />
		</source>
		<source name="tipsSynData">
			<cn translate="是否同步PC数据到设备？" />
			<tw translate="是否同步PC數據到設備？" />
			<en translate="Do Synchronize data ?" />
		</source>
		
		<source name="tooltipExport">
			<cn translate="将所有配置项合并后导出" />
			<tw translate="將所有配置項合併后導出" />
			<en translate="Export Combined EQ setting" />
		</source>

		<source name="tooltipImport">
			<cn translate="导入集合配置文件" />
			<tw translate="導入集合配置文件" />
			<en translate="Import files" />
		</source>

		<source name="tooltipsDownload">
			<cn translate="合并所有配置项并下载" />
			<tw translate="合併所有配置項并下載" />
			<en translate="Save eq setting to norflash" />
		</source>
		
		<source name="tooltipCombineUpFile">
			<cn translate="合并配置到Up文件中" />
			<tw translate="合併配置項到Up檔案中" />
			<en translate="Combine Configuration to up-file" />
		</source>
		
		<source name="tooltipsUpload">
			<cn translate="提取设备的数据，并配置界面，当前配置将丢失" />
			<tw translate="提取設備的設局，并配置界面，當前配置將丟失" />
			<en translate="Upload data from norflash and configure UI" />
		</source>
		
		<source name="tooltipsCombineUpFile">
			<cn translate="将EQ参数合并到Up文件中" />
			<tw translate="將EQ參數合併到Up檔案中" />
			<en translate="Combine eq parameter to up file" />
		</source>
		
		<source name="btSetting">
			<cn translate="蓝牙选项" />
			<tw translate="藍牙選項" />
			<en translate="BT Option" />
		</source>
		<source name="SysSetting">
			<cn translate="系统设置" />
			<tw translate="系統設置" />
			<en translate="Option" />
		</source>
		

		<source name="tooltipsNewConfig">
			<cn translate="新建新的EQ配置" />
			<tw translate="新建新的EQ配置" />
			<en translate="New EQ Configuration" />
		</source>
		
		<source name="txtConfig">
			<cn translate="配置" />
			<tw translate="配置" />
			<en translate="Untitle" />
		</source>

		<source name="titleConfig">
			<cn translate="配置项1" />
			<tw translate="配置項1" />
			<en translate="Untitle1" />
		</source>

		<source name="deviceState">
			<cn translate="设备状态" />
			<tw translate="設備狀態" />
			<en translate="Device:" />
		</source>
		<source name="usableSpace">
			<cn translate="可用空间" />
			<tw translate="可用空間" />
			<en translate="UsableSpace" />
		</source>
		<source name="freeSpace">
			<cn translate="剩余空间" />
			<tw translate="剩餘空間" />
			<en translate="FreeSpace" />
		</source>
		<source name="usageRate">
			<cn translate="使用率" />
			<tw translate="使用率" />
			<en translate="UsageRage" />
		</source>
		<source name="Cpu0Load">
			<cn translate="CPU0负载" />
			<tw translate="CPU0偩载" />
			<en translate="CPU0Load" />
		</source>
		<source name="Cpu1Load">
			<cn translate="CPU1负载" />
			<tw translate="CPU1偩载" />
			<en translate="CPU1Load" />
		</source>
		<source name="connected">
			<cn translate="已连接" />
			<tw translate="已连接" />
			<en translate="Connected" />
		</source>
		<source name="disconnected">
			<cn translate="未连接" />
			<tw translate="未连接" />
			<en translate="detach" />
		</source>
		<source name="progress">
			<cn translate="进度：" />
			<tw translate="進度：" />
			<en translate="Progress:" />
		</source>
	</module>

	<module name="subConfigFrame" >
		<source name="titleMusic">
			<cn translate="音 乐" />
			<tw translate="音 樂" />
			<en translate="Music" />
		</source>
		<source name="titleVss">
			<cn translate="虚拟环绕" />
			<tw translate="虛擬環繞" />
			<en translate="VSS" />
		</source>
		<source name="titleOutput1">
			<cn translate="输出1" />
			<tw translate="輸出1" />
			<en translate="Output1" />
		</source>
		<source name="titleOutput2">
			<cn translate="输出2" />
			<tw translate="輸出2" />
			<en translate="Output2" />
		</source>
		<source name="titleMic">
			<cn translate="话 筒" />
			<tw translate="話 筒" />
			<en translate="Mic" />
		</source>
		<source name="titleEffect">
			<cn translate="效 果" />
			<tw translate="效 果" />
			<en translate="Effect" />
		</source>
		<source name="titleHardware">
			<cn translate="硬 件" />
			<tw translate="硬 體" />
			<en translate="Hardware" />
		</source>
		<source name="btnResetConfig">
			<cn translate="复位配置页" />
			<tw translate="復位配置頁" />
			<en translate="reset" />
		</source>
		
		<source name="btnSynchronize">
			<cn translate="输出设置同步" />
			<tw translate="輸出設置同步" />
			<en translate="Output Sync." />
		</source>
		
		<source name="txtHeaderFile">
			<cn translate="h文件" />
			<tw translate="h檔案" />
			<en translate="h file" />
		</source>
		
		<source name="btnDownloadToRam">
			<cn translate="同步数据到内存" />
			<tw translate="同步數據到內存" />
			<en translate="Renew ram" />
		</source>
		
		<source name="btnUploadFromRam">
			<cn translate="提取数据到PC" />
			<tw translate="提取數據到PC" />
			<en translate="Upload ram" />
		</source>
		
		<source name="txtExportSingleConfig">
			<cn translate="导出单配置" />
			<tw translate="導出單配置" />
			<en translate="Save" />
		</source>
		
		<source name="txtImportSingleConfig">
			<cn translate="导入单配置" />
			<tw translate="導入單配置" />
			<en translate="Open" />
		</source>
		
		<source name="txtCurve">
			<cn translate="EQ曲线" />
			<tw translate="EQ曲线" />
			<en translate="Curve" />
		</source>
		
		<source name="txtBottomLine">
			<cn translate="--------------- 我是有底线的 ------------------" />
			<tw translate="--------------- 我是有底線的 ------------------" />
			<en translate="" />
		</source>
		
		<source name="toolTipOutputConnect">
			<cn translate="输出页面连接，当连接启动后，页面的参数改动会同时设置到另一个页面" />
			<tw translate="输出頁面連接，當連接啟動后，頁面的參數改動會同時設置到另一個頁面" />
			<en translate="Once connected, output page's parameter would be changed at the same time" />
		</source>
		<source name="tooltipInclude">
			<cn translate="生成代码示例" />
			<tw translate="生成代碼示例" />
			<en translate="Generate a include file" />
		</source>
		<source name="tooltipExport">
			<cn translate="导出配置" />
			<tw translate="導出配置" />
			<en translate="Export EQ data" />
		</source>
		<source name="tooltipImpport">
			<cn translate="导入配置" />
			<tw translate="導入配置" />
			<en translate="Import EQ data" />
		</source>
		<source name="tooltipReset">
			<cn translate="重置当前页面的EQ配置，并通知设备重置" />
			<tw translate="重置當前頁面的EQ配置，并通知設備重置" />
			<en translate="Reset current EQ configuration" />
		</source>
		<source name="tooltipSynData">
			<cn translate="将当前配置的EQ参数同步到设备RAM中" />
			<tw translate="將當前配置的EQ參數同步到設備RAM中" />
			<en translate="Push Current EQ data to RAM" />
		</source>
		<source name="tooltipUploadData">
			<cn translate="将RAM中运行的EQ参数同步到PC界面" />
			<tw translate="將RAM中運行的EQ參數同步到PC界面" />
			<en translate="Pull up EQ data from RAM" />
		</source>
		
		<source name="toneSwitch">
			<cn translate="音调开关" />
			<tw translate="音調開關" />
			<en translate="On / Off" />
		</source>
		<source name="tone">
			<cn translate="声音音调：" />
			<tw translate="聲音音調：" />
			<en translate="Tone:" />
		</source>
		
		<source name="3DSwitch">
			<cn translate="3D开关" />
			<tw translate="3D開關" />
			<en translate="3D Switch" />
		</source>
		<source name="earMode">
			<cn translate="耳机模式" />
			<tw translate="耳機模式" />
			<en translate="Headphone" />
		</source>
		<source name="speakerMode">
			<cn translate="扬声器模式" />
			<tw translate="揚聲器模式" />
			<en translate="Speaker" />
		</source>
		<source name="compositeWidth">
			<cn translate="综合宽度" />
			<tw translate="綜合寬度" />
			<en translate="Composite Width" />
		</source>
		<source name="spatialDepth">
			<cn translate="空间深度" />
			<tw translate="空間深度" />
			<en translate="Spatial Depth" />
		</source>
		<source name="tensorAngle">
			<cn translate="张量角度" />
			<tw translate="張量角度" />
			<en translate="Tensor Angle" />
		</source>

		<source name="spatialIntensity">
			<cn translate="空间强度" />
			<tw translate="空間強度" />
			<en translate="Spatial Intensity" />
		</source>
		<source name="bassIntensity">
			<cn translate="低音强度" />
			<tw translate="低音強度" />
			<en translate="Bass Intensity" />
		</source>
		<source name="resolution">
			<cn translate="解析度" />
			<tw translate="解析度" />
			<en translate="Resolution" />
		</source>
		<source name="bassFrePoint">
			<cn translate="低音频点" />
			<tw translate="低音頻點" />
			<en translate="BassFrequecyPoint" />
		</source>
		
		<source name="compensationGain">
			<cn translate="补偿增益" />
			<tw translate="補償增益" />
			<en translate="Compensation" />
		</source>
		
		<source name="txtMic">
			<cn translate="话  筒" />
			<tw translate="話  筒" />
			<en translate="Mic" />
		</source>

		<source name="delaySwitch">
			<cn translate="延时开关" />
			<tw translate="延時開關" />
			<en translate="DelaySwitch" />
		</source>

		<source name="delay">
			<cn translate="延时" />
			<tw translate="延時" />
			<en translate="Delay" />
		</source>
		<source name="reverse">
			<cn translate="反向" />
			<tw translate="反向" />
			<en translate="Reverse" />
		</source>
		<source name="Mute">
			<cn translate="静音" />
			<tw translate="靜音" />
			<en translate="Mute" />
		</source>
		
		
		<source name="voiceSpeed">
			<cn translate="声音速度" />
			<tw translate="聲音速度" />
			<en translate="VoiceSpeed" />
		</source>
		<source name="resonace_co">
			<cn translate="共振系数" />
			<tw translate="共振係數" />
			<en translate="Formant" />
		</source>
		
		<source name="mixSwitch">
			<cn translate="混响开关" />
			<tw translate="混響開關" />
			<en translate="MixSwitch" />
        </source>
		<source name="msSwitch">
			<cn translate="立体声" />
			<tw translate="立軆聲" />
			<en translate="Stereo" />
		</source>
		<source name="mixTime">
			<cn translate="混响时间" />
			<tw translate="混響時間" />
			<en translate="MixTime" />
		</source>
		<source name="mixVolume">
			<cn translate="混响音量" />
			<tw translate="混響音量" />
			<en translate="MixVolume" />
		</source>
		<source name="directVolume">
			<cn translate="直达音量" />
			<tw translate="直達音量" />
			<en translate="DirectVolume" />
		</source>
		<source name="diffusionCoefficient">
			<cn translate="扩散系数" />
			<tw translate="擴散係數" />
			<en translate="diffusion" />
		</source>
		<source name="preDelay">
			<cn translate="预延时" />
			<tw translate="預延時" />
			<en translate="pre-delay" />
		</source>
		<source name="ldf">
			<cn translate="低频阻尼频点" />
			<tw translate="低頻阻尼頻點" />
			<en translate="LDF" />
		</source>
		<source name="hdf">
			<cn translate="高频阻尼频点" />
			<tw translate="高頻阻尼頻點" />
			<en translate="HDF" />
		</source>
		<source name="ld">
			<cn translate="低频阻尼" />
			<tw translate="低頻阻尼" />
			<en translate="LD" />
		</source>
		<source name="hd">
			<cn translate="高频阻尼" />
			<tw translate="高頻阻尼" />
			<en translate="HD" />
		</source>
		<source name="lpCutOffFre">
			<cn translate="低通截止频率" />
			<tw translate="低通截止頻率" />
			<en translate="LPCOF" />
		</source>
		<source name="hpCutOffFre">
			<cn translate="高通截止频率" />
			<tw translate="高通截止頻率" />
			<en translate="HPCOF" />
		</source>
		<source name="echoSwitch">
			<cn translate="回声开关" />
			<tw translate="回聲開關" />
			<en translate="EchoSwitch" />
		</source>
		<source name="lpFilter">
			<cn translate="低通滤波" />
			<tw translate="低通濾波" />
			<en translate="LPF" />
		</source>

		<source name="echoDirectVolume">
			<cn translate="回声直达音量" />
			<tw translate="回聲直達音量" />
			<en translate="Dry" />
		</source>
		<source name="echoMixVolume">
			<cn translate="回声混响音量" />
			<tw translate="回聲混響音量" />
			<en translate="Wet" />
		</source>
		<source name="lowPassFre">
			<cn translate="低通频率" />
			<tw translate="低通頻率" />
			<en translate="LP-Freq" />
		</source>
		<source name="echoDelay">
			<cn translate="回声延时" />
			<tw translate="回聲延時" />
			<en translate="Delay" />
		</source>
		<source name="echoDuplicateRate">
			<cn translate="回声重复率" />
			<tw translate="回聲重複率" />
			<en translate="Fb-Coff" />
		</source>
	</module>

	<module name="pageMusic" >
		<source name="titleMusic">
			<cn translate="音乐EQ曲线" />
			<tw translate="音樂EQ曲線" />
			<en translate="Music EQ" />
		</source>
		<source name="predecay">
			<cn translate="预衰减" />
			<tw translate="預衰減" />
			<en translate="pre-decay" />
		</source>
	</module>

	<!--因为VSS和混响用的是同一布局-->
	<module name="pageVss" >
		<source name="titleMixEqCurve">
			<cn translate="混响EQ曲线" />
			<tw translate="混響EQ曲線" />
			<en translate="Mixture EQ Curve" />
		</source>
		
		<source name="titleVssEqCurve">
			<cn translate="虚拟环绕EQ曲线" />
			<tw translate="虛擬環繞EQ曲線" />
			<en translate="Vss EQ Curve" />
		</source>
	</module>

	<module name="pageOuput" >
		<source name="predecay">
			<cn translate="预衰减" />
			<tw translate="預衰減" />
			<en translate="pre-decay" />
		</source>
		<source name="FrequencyDividerSetting">
			<cn translate="分频器设置" />
			<tw translate="分頻器設置" />
			<en translate="Frequency Divider" />
		</source>
		<source name="highPass">
			<cn translate="高通：" />
			<tw translate="高通：" />
			<en translate="HighPass" />
		</source>
		<source name="highPassType">
			<cn translate="高通类型" />
			<tw translate="高通類型" />
			<en translate="HP Type" />
		</source>
		<source name="lowPass">
			<cn translate="低通：" />
			<tw translate="低通：" />
			<en translate="LowPass" />
		</source>
		<source name="lowPassType">
			<cn translate="低通类型" />
			<tw translate="低通類型" />
			<en translate="LP Type" />
		</source>
		
		<source name="titleEqCurveOutput1">
			<cn translate="输出1 EQ曲线" />
			<tw translate="輸出1 EQ曲線" />
			<en translate="Ouput1 EQ Curve" />
		</source>
		
		<source name="titleEqCurveOutput2">
			<cn translate="输出2 EQ曲线" />
			<tw translate="輸出2 EQ曲線" />
			<en translate="Ouput2 EQ Curve" />
		</source>
	</module>

	<module name="pageMic" >
		<source name="titleMicCurve">
			<cn translate="话筒EQ曲线" />
			<tw translate="話筒EQ曲線" />
			<en translate="Mic EQ Curve" />
		</source>
	</module>
	<module name="pageHw" >
		<source name="txtHardware">
			<cn translate="硬   件" />
			<tw translate="硬   體" />
			<en translate="Hardware" />
		</source>
		<source name="switch">
			<cn translate="使能" />
			<tw translate="激活" />
			<en translate="Enable" />
		</source>
	</module>
	<module name="pageEffect" >
		
	</module>

	<module name="common" >
		<source name="txtMusic">
			<cn translate="音  乐" />
			<tw translate="音  樂" />
			<en translate="Music" />
		</source>
		<source name="txtVss">
			<cn translate="虚拟环绕" />
			<tw translate="虛擬環繞" />
			<en translate="VSS" />
		</source>
		
		<source name="NhsNp">
			<cn translate="频率极值数" />
			<tw translate="頻率極值數" />
			<en translate="Polor Points" />
		</source>
		<source name="NhsNf">
			<cn translate="限波器数" />
			<tw translate="限波器数" />
			<en translate="Notch filters" />
		</source>
		<source name="NhsTptpr">
			<cn translate="无声门限" />
			<tw translate="無聲门限" />
			<en translate="Silent THD" />
		</source>
		<source name="NhsTpapr">
			<cn translate="平均能量方差" />
			<tw translate="平均能量方差" />
			<en translate="Peak to avg" />
		</source>
		<source name="NhsTphpr">
			<cn translate="谐波方差" />
			<tw translate="諧波方差" />
			<en translate="Peak to harmonic" />
		</source>
		<source name="NhsTpnpr">
			<cn translate="邻带方差" />
			<tw translate="鄰带方差" />
			<en translate="Peak to neighbor" />
		</source>
		<source name="NhsTdrop">
			<cn translate="理想啸叫抑制" />
			<tw translate="理想嘯叫抑制" />
			<en translate="To drop on Howl" />
		</source>
		<source name="NhsAtt">
			<cn translate="谐波高频衰减" />
			<tw translate="諧波高頻衰減" />
			<en translate="High relax in harmonic" />
		</source>
		<source name="NhsTestDrop">
			<cn translate="啸叫初诊判定时间" />
			<tw translate="嘯叫初診判定時間" />
			<en translate="Howling state1 test time" />
		</source>
		<source name="NhsTHist">
			<cn translate="啸叫进入判定时间" />
			<tw translate="嘯叫進入判定時間" />
			<en translate="Howling test history" />
		</source>
		<source name="NhsTestHold">
			<cn translate="啸叫确诊判定时间" />
			<tw translate="嘯叫確診判定時間" />
			<en translate="Howling state2 test time" />
		</source>
		<source name="NhsTrel">
			<cn translate="啸叫释放阈值" />
			<tw translate="嘯叫釋放閾值" />
			<en translate="Howling RelTHD" />
		</source>
		<source name="NhsTtone">
			<cn translate="单频判定阈值" />
			<tw translate="單頻判定閾值" />
			<en translate="Single tone THD" />
		</source>
		<source name="NhsGdstep">
			<cn translate="过载音量衰减步进" />
			<tw translate="過載音量衰減步進" />
			<en translate="Overloading Gdstep" />
		</source>
		<source name="NhsGfloor">
			<cn translate="极小过载音量衰减" />
			<tw translate="極小過載音量衰減" />
			<en translate="MIN Overloading GDecreasing" />
		</source>
		<source name="Nhstav">
			<cn translate="能量平滑时间" />
			<tw translate="能量平滑時間" />
			<en translate="PSD Smooth" />
		</source>
		<source name="Nhstdes">
			<cn translate="过载音量衰减间隔" />
			<tw translate="過載音量衰減間隔" />
			<en translate="Overloading Gdstep TimeHold" />
		</source>
		<source name="Nhstaes">
			<cn translate="音量恢复间隔" />
			<tw translate="音量恢復間隔" />
			<en translate="GAsend TimeHold" />
		</source>
		<source name="Nhstent">
			<cn translate="啸叫复诊判定时间" />
			<tw translate="嘯叫復診判定時間" />
			<en translate="Howling enter state2 time" />
		</source>
		<source name="Nhstsmooth">
			<cn translate="限波系数平滑" />
			<tw translate="限波系數平滑" />
			<en translate="Notch filter smooth" />
		</source>
		<source name="limiter">
			<cn translate="限幅器" />
			<tw translate="限幅器" />
			<en translate="Limiter" />
		</source>
		<source name="compressor">
			<cn translate="压缩器" />
			<tw translate="壓縮器" />
			<en translate="Compressor" />
		</source>
		<source name="expander">
			<cn translate="扩展器" />
			<tw translate="擴展器" />
			<en translate="Expander" />
		</source>
		<source name="noiseGate">
			<cn translate="噪声门" />
			<tw translate="噪聲門" />
			<en translate="NoiseGate" />
		</source>

		<source name="switch">
			<cn translate="   开 关" />
			<tw translate="   開 關" />
			<en translate="On/Off" />
		</source>

		<source name="startLevel">
			<cn translate="启动电平:" />
			<tw translate="啟動電平:" />
			<en translate="StartLevel:" />
		</source>
		<source name="compressRate">
			<cn translate="压缩比例:" />
			<tw translate="壓縮比例:" />
			<en translate="CompressRate:" />
		</source>
		<source name="startTime">
			<cn translate="启动时间:" />
			<tw translate="啟動時間:" />
			<en translate="Att-Time:" />
		</source>
		<source name="releaseTime">
			<cn translate="释放时间:" />
			<tw translate="釋放時間:" />
			<en translate="Rel-Time:" />
		</source>

		<source name="frequent">
			<cn translate="频率" />
			<tw translate="頻率" />
			<en translate="Freq" />
		</source>
		<source name="Q">
			<cn translate="Q值" />
			<tw translate="Q值" />
			<en translate="Q" />
		</source>
		<source name="gain">
			<cn translate="增益" />
			<tw translate="增益" />
			<en translate="Gain" />
		</source>
		<source name="eqType">
			<cn translate="EQ类型" />
			<tw translate="EQ類型" />
			<en translate="EQ-Type" />
		</source>
		<source name="lowShelf">
			<cn translate="低棚架" />
			<tw translate="低棚架" />
			<en translate="LowShelf" />
		</source>
		<source name="balance">
			<cn translate="平衡" />
			<tw translate="平衡" />
			<en translate="PeakNotch" />
		</source>
		<source name="highShelf">
			<cn translate="高棚架" />
			<tw translate="高棚架" />
			<en translate="HighShelf" />
		</source>
		<source name="lowPass">
			<cn translate="低通" />
			<tw translate="低通" />
			<en translate="LP" />
		</source>
		<source name="bandPass">
			<cn translate="带通" />
			<tw translate="帶通" />
			<en translate="BP" />
		</source>
		<source name="highPass">
			<cn translate="高通" />
			<tw translate="高通" />
			<en translate="HP" />
		</source>
		
		<source name="file">
			<cn translate="文件" />
			<tw translate="檔案" />
			<en translate="file" />
		</source>
	</module>
	<module name="messageBox">
		<source name="tipsTile">
			<cn translate="提示" />
			<tw translate="提示" />
			<en translate="Tips" />
		</source>
		<source name="errorTile">
			<cn translate="错误" />
			<tw translate="錯誤" />
			<en translate="Error" />
		</source>

		<source name="mixMemoryExceed">
			<cn translate="内存已经超出,混响无法使用" />
			<tw translate="記憶體不足，混響無法使用" />
			<en translate="Lack of memory" />
		</source>
		<source name="echoMemoryExceed">
			<cn translate="内存已经超出,回声无法使用" />
			<tw translate="記憶體不足，回聲無法使用" />
			<en translate="Lack of memory" />
		</source>
		<source name="micMemoryExceed">
			<cn translate="内存已经超出,mic无法使用" />
			<tw translate="記憶體不足，mic無法使用" />
			<en translate="Lack of memory" />
		</source>
		<source name="3DMemoryExceed">
			<cn translate="内存已经超出,3d无法使用" />
			<tw translate="記憶體不足，3d無法使用" />
			<en translate="Lack of memory" />
		</source>
		<source name="musicToneMemoryExceed">
			<cn translate="内存已经超出,音乐无法使用" />
			<tw translate="記憶體不足，音樂無法使用" />
			<en translate="Lack of memory" />
		</source>
		<source name="instanceRun">
			<cn translate="已经有一个实例在运行" />
			<tw translate="已經有一個實例在運行" />
			<en translate="One more instance is running" />
		</source>
		<source name="downloadComplete">
			<cn translate="下载成功" />
			<tw translate="下载成功" />
			<en translate="Download finish" />
		</source>
		<source name="unknowFlash">
			<cn translate="未能识别到FLASH" />
			<tw translate="未能識別到FLASH" />
			<en translate="Unknown flash" />
		</source>
		<source name="errorEqAddr">
			<cn translate="目标芯片中的EQ地址配置不正确" />
			<tw translate="目標芯片中的EQ地址配置不正確" />
			<en translate="Error EQ address" />
		</source>

		<source name="errorUSB">
			<cn translate="通信错误" />
			<tw translate="通信錯誤" />
			<en translate="Error Communication" />
		</source>
		<source name="errorDataCheck">
			<cn translate="数据校验错误" />
			<tw translate="數據校驗錯誤" />
			<en translate="Data check error" />
		</source>
		<source name="fileExist">
			<cn translate="文件已经存在，是否要覆盖？" />
			<tw translate="檔案已經存在，是否要覆蓋？" />
			<en translate="File has exist,Override it?" />
		</source>

		<source name="fileSaveComplete">
			<cn translate="文件保存完毕" />
			<tw translate="檔案保存完畢" />
			<en translate="Save Complete" />
		</source>
		<source name="formatError">
			<cn translate="文件格式错误" />
			<tw translate="檔案格式錯誤" />
			<en translate="Data format Error" />
		</source>
		<source name="noeqdata">
			<cn translate="无eq数据" />
			<tw translate="无eq数据" />
			<en translate="No eq data" />
		</source>
		<source name="offline">
			<cn translate="设备没有在线" />
			<tw translate="设备没有在线" />
			<en translate="Device offline" />
		</source>
		<source name="uploadComplete">
			<cn translate="数据提取完毕" />
			<tw translate="數據提取完畢" />
			<en translate="Get data complete" />
		</source>
		<source name="inputLabel">
			<cn translate="请输入标签" />
			<tw translate="請輸入標籤" />
			<en translate="Input a name" />
		</source>
		<source name="configNotSupport">
			<cn translate="请输入标签" />
			<tw translate="請輸入標籤" />
			<en translate="Input a name" />
		</source>
		<source name="configCannotApply">
			<cn translate="文件包含多个配置项，此文件不被该操作支持" />
			<tw translate="請輸入標籤" />
			<en translate="File can not be applied" />
		</source>
		<source name="errorFormat">
			<cn translate="不支持的文件格式" />
			<tw translate="不支持的檔案格式" />
			<en translate="Format error" />
		</source>
		<source name="errorFileCheck">
			<cn translate="文件CRC校验出错" />
			<tw translate="檔案CRC校驗出錯" />
			<en translate="Error File" />
		</source>
		<source name="eqFileOnly">
			<cn translate="只能选入eq2或者eq后缀的文件" />
			<tw translate="只能選入eq2或者eq後綴的文件" />
			<en translate="File is not support" />
		</source>
		<source name="synComplete">
			<cn translate="同步完毕" />
			<tw translate="同步完畢" />
			<en translate="Synchronization completed" />
		</source>
		<source name="errorConfigFile">
			<cn translate="配置文件config.xml存在错误,无法解析" />
			<tw translate="檔案config.xml存在錯誤，無法解析" />
			<en translate="config.xml is not xml-format" />
		</source>
		<source name="msgPageMax">
			<cn translate="已经达到最大的配置个数，无法再增加" />
			<tw translate="已經達到最大的配置個數，無法再增加" />
			<en translate="Can not add new configuration anymore" />
		</source>
		
		<source name="fileCombineComplete">
			<cn translate="文件合并完成" />
			<tw translate="檔案合併完畢" />
			<en translate="Operation completed" />
		</source>
		
		<source name="fileNoEq">
			<cn translate="文件没有EQ分区" />
			<tw translate="檔案不存在EQ分區" />
			<en translate="No EQ zone find" />
		</source>
		
		<source name="eqFileOverwriteMbr">
			<cn translate="EQ数据太大，覆盖到其它模块，无法合并" />
			<tw translate="EQ數據太大，覆蓋到其它模組，無法合併" />
			<en translate="EQ data can be overwrite other module, prevent combine to up file" />
		</source>
		
		<source name="eqFileAccessError">
			<cn translate="EQ文件无法访问" />
			<tw translate="EQ檔案無法訪問" />
			<en translate="EQ file can be not accessed" />
		</source>
	</module>
	
	<module name="eqTips">
		<source name="eqFreTips">
			<cn translate="鼠标滚轮以及键盘的上/下键可以调值" />
			<tw translate="鼠標滾輪以及鍵盤的上/下鍵可以調值" />
			<en translate="Mouse wheel and Up/Down key can change value" />
		</source>
		<source name="eqQTips">
			<cn translate="鼠标滚轮以及键盘的上/下键可以调值" />
			<tw translate="鼠標滾輪以及鍵盤的上/下鍵可以調值" />
			<en translate="Mouse wheel and Up/Down key can change value" />
		</source>
		<source name="eqGainTips">
			<cn translate="鼠标滚轮以及键盘的上/下键可以调值" />
			<tw translate="鼠標滾輪以及鍵盤的上/下鍵可以調值" />
			<en translate="Mouse wheel and Up/Down key can change value" />
		</source>
	</module>
	<module name="newSubConfig">
		<source name="lbNewConfig">
			<cn translate="新建配置" />
			<tw translate="新建配置" />
			<en translate="New Configuration" />
		</source>
		<source name="lbConfirm">
			<cn translate="确 认" />
			<tw translate="確 認" />
			<en translate="OK" />
		</source>
		<source name="lbCancel">
			<cn translate="取 消" />
			<tw translate="取 消" />
			<en translate="Cancel" />
		</source>
		<source name="txtInputLabel">
			<cn translate="请输入一个标签" />
			<tw translate="請輸入一個標籤" />
			<en translate="Input a label" />
		</source>
	</module>
	
	<module name="settingDlg" >
		<source name="titleSetting">
			<cn translate="设 置" />
			<tw translate="設 置" />
			<en translate="Setting" />
		</source>
	
		<source name="txtComSetting">
			<cn translate="通信设置" />
			<tw translate="通訊設置" />
			<en translate="BT Setting" />
		</source>
		
		<source name="txtBaseSetting">
			<cn translate="基本设置" />
			<tw translate="基本設置" />
			<en translate="Base Setting" />
		</source>
		
		<source name="txtBtCom">
			<cn translate="蓝牙串口" />
			<tw translate="藍牙串口" />
			<en translate="Bt COM" />
		</source>
		
		<source name="txtNotify">
			<cn translate="注意，当USB和蓝牙串口同时存在时，会优先使用蓝牙串口" />
			<tw translate="注意，當USB和藍牙串口同時存在時，會優先使用藍牙串口" />
			<en translate="" />
		</source>
		
		<source name="txtFreStep">
			<cn translate="频率滚轮步进值" />
			<tw translate="頻率滾輪步進值" />
			<en translate="Frequent Step"/>
		</source>
		
		<source name="txtQStep">
			<cn translate="Q值滚轮步进值" />
			<tw translate="Q值滾輪步進值" />
			<en translate="Q Step"/>
		</source>
		<source name="txtGainStep">
			<cn translate="增益滚轮步进值" />
			<tw translate="增益滾輪步進值" />
			<en translate="Gain Step"/>
		</source>
		
		<source name="txtClose">
			<cn translate="退 出" />
			<tw translate="退 出" />
			<en translate="Close"/>
		</source>
		
		<source name="selectCom">
			<cn translate="请选择一个串口" />
			<tw translate="請選擇一個串口" />
			<en translate="Please Select a COM"/>
		</source>
		
		<source name="SPP_FAIL">
			<cn translate="蓝牙串口测试失败，请确保该串口为蓝牙串口并打开了SPP服务" />
			<tw translate="藍牙串口測試失敗，請確保該串口為藍牙串口并打開了SPP服務" />
			<en translate="Can not access target, please confirm device's SPP server is opened "/>
		</source>

	</module>	
</translator>
