<?xml version="1.0" encoding="utf-8"?>
<translator>
	<module name="mainframe" >
		<source name="titleMsgboxInfo">
			<cn translate="提示" />
			<tw translate="提示" />
			<en translate="Tips" />
		</source>
		<source name="errorAencLength">
			<cn translate="AENC数据长度超过配置" />
			<tw translate="AENC數據長度超過配置" />
			<en translate="AENC data is more than the reserved zone" />
		</source>
		<source name="tipsEarphoneDiscon">
			<cn translate="耳机断线" />
			<tw translate="耳機斷線" />
			<en translate="Earphone is disconnect" />
		</source>
		<source name="tipsEarphoneCon">
			<cn translate="耳机就绪" />
			<tw translate="耳機就緒" />
			<en translate="Earphone is ready" />
		</source>
		<source name="tipsTxtEarphone">
			<cn translate="耳机状态：" />
			<tw translate="耳機狀態：" />
			<en translate="Earphone Status:" />
		</source>
		<source name="tipsSynData">
			<cn translate="是否同步PC数据到设备？" />
			<tw translate="是否同步PC數據到設備？" />
			<en translate="Do Synchronize data ?" />
		</source>
		
		<source name="tooltipExport">
			<cn translate="将所有配置项合并后导出" />
			<tw translate="將所有配置項合併后導出" />
			<en translate="Export Combined EQ setting" />
		</source>

		<source name="tooltipImport">
			<cn translate="导入集合配置文件" />
			<tw translate="導入集合配置文件" />
			<en translate="Import files" />
		</source>

		<source name="tooltipsDownload">
			<cn translate="合并所有配置项并下载" />
			<tw translate="合併所有配置項并下載" />
			<en translate="Save eq setting to norflash" />
		</source>
		
		<source name="tooltipCombineUpFile">
			<cn translate="合并配置到Up文件中" />
			<tw translate="合併配置項到Up檔案中" />
			<en translate="Combine Configuration to up-file" />
		</source>
		
		<source name="tooltipsUpload">
			<cn translate="提取设备的数据，并配置界面，当前配置将丢失" />
			<tw translate="提取設備的設局，并配置界面，當前配置將丟失" />
			<en translate="Upload data from norflash and configure UI" />
		</source>
		
		<source name="tooltipsCombineUpFile">
			<cn translate="将EQ参数合并到Up文件中" />
			<tw translate="將EQ參數合併到Up檔案中" />
			<en translate="Combine eq parameter to up file" />
		</source>
		
		<source name="btSetting">
			<cn translate="蓝牙选项" />
			<tw translate="藍牙選項" />
			<en translate="BT Option" />
		</source>
		<source name="SysSetting">
			<cn translate="系统设置" />
			<tw translate="系統設置" />
			<en translate="Option" />
		</source>
		

		<source name="tooltipsNewConfig">
			<cn translate="新建新的EQ配置" />
			<tw translate="新建新的EQ配置" />
			<en translate="New EQ Configuration" />
		</source>
		
		<source name="txtConfig">
			<cn translate="配置" />
			<tw translate="配置" />
			<en translate="Untitle" />
		</source>

		<source name="titleConfig">
			<cn translate="配置项1" />
			<tw translate="配置項1" />
			<en translate="Untitle1" />
		</source>

		<source name="deviceState">
			<cn translate="设备状态" />
			<tw translate="設備狀態" />
			<en translate="Device:" />
		</source>
		<source name="usableSpace">
			<cn translate="可用空间" />
			<tw translate="可用空間" />
			<en translate="UsableSpace" />
		</source>
		<source name="freeSpace">
			<cn translate="剩余空间" />
			<tw translate="剩餘空間" />
			<en translate="FreeSpace" />
		</source>
		<source name="usageRate">
			<cn translate="使用率" />
			<tw translate="使用率" />
			<en translate="UsageRage" />
		</source>
		<source name="Cpu0Load">
			<cn translate="CPU0负载" />
			<tw translate="CPU0偩载" />
			<en translate="CPU0Load" />
		</source>
		<source name="Cpu1Load">
			<cn translate="CPU1负载" />
			<tw translate="CPU1偩载" />
			<en translate="CPU1Load" />
		</source>
		<source name="connected">
			<cn translate="已连接" />
			<tw translate="已连接" />
			<en translate="Connected" />
		</source>
		<source name="disconnected">
			<cn translate="未连接" />
			<tw translate="未连接" />
			<en translate="detach" />
		</source>
		<source name="progress">
			<cn translate="进度：" />
			<tw translate="進度：" />
			<en translate="Progress:" />
		</source>
	</module>

	<module name="subConfigFrame" >
		<source name="titleTxPrm">
			<cn translate="TX PRM" />
			<tw translate="TX PRM" />
			<en translate="TX PRM" />
		</source>
		<source name="titleVss">
			<cn translate="虚拟环绕" />
			<tw translate="虛擬環繞" />
			<en translate="VSS" />
		</source>
		<source name="titleOutput1">
			<cn translate="输出1" />
			<tw translate="輸出1" />
			<en translate="Output1" />
		</source>
		<source name="aec">
			<cn translate="aec(自适应回声消除)" />
			<tw translate="aec(自適應回聲消除)" />
			<en translate="lev-mode" />
		</source>
		<source name="aes">
			<cn translate="aes(自适应回声抑制)" />
			<tw translate="aes(自適應回聲抑制)" />
			<en translate="aes" />
		</source>
		<source name="ns">
			<cn translate="ns(环境噪声抑制)" />
			<tw translate="ns(環境噪聲抑制)" />
			<en translate="ns" />
		</source>
		<source name="dr">
			<cn translate="dr(混响抑制)" />
			<tw translate="dr(混響抑制)" />
			<en translate="dr" />
		</source>
		
		<source name="avc">
			<cn translate="avc(自适应mic音量控制)" />
			<tw translate="avc(自適應mic音量控制)" />
			<en translate="avc" />
		</source>
		<source name="txagc">
			<cn translate="txagc(自适应tx音量控制)" />
			<tw translate="txagc(自适应tx音量控制)" />
			<en translate="txagc" />
		</source>
		<source name="rxagc">
			<cn translate="rxagc(自适应rx音量控制)" />
			<tw translate="rxagc(自适应rx音量控制)" />
			<en translate="rxagc" />
		</source>
		<source name="cng">
			<cn translate="cng(舒适噪声)" />
			<tw translate="cng(舒適噪聲)" />
			<en translate="cng" />
		</source>
		
		
		<source name="emp">
			<cn translate="emp(预/去加重)" />
			<tw translate="emp(預/去加重)" />
			<en translate="emp" />
		</source>
		<source name="txnot">
			<cn translate="txnot(mic信号直流限波)" />
			<tw translate="txnot(mic信號直流限波)" />
			<en translate="txnot" />
		</source>
		<source name="gsmooth">
			<cn translate="GSMOOTH(增益平滑)" />
			<tw translate="GSMOOTH(增益平滑)" />
			<en translate="GSMOOTH" />
		</source>
		<source name="txeq">
			<cn translate="txeq(MIC EQ)" />
			<tw translate="txeq(MIC EQ)" />
			<en translate="txeq" />
		</source>
		
		<source name="rxeq">
			<cn translate="rxeq(喇叭EQ)" />
			<tw translate="rxeq(喇叭EQ)" />
			<en translate="rxeq" />
		</source>
		<source name="intvad">
			<cn translate="VAD(mic信號VAD)" />
			<tw translate="VAD(mic信號VAD)" />
			<en translate="VAD" />
		</source>
		<source name="smsnr">
			<cn translate="SMSNR(信噪比平滑)" />
			<tw translate="SMSNR(信噪比平滑)" />
			<en translate="SMSNR" />
		</source>
		
		<source name="finit">
			<cn translate="噪声初始化的帧数(finit)" />
			<tw translate="噪聲初始化的幀數(finit)" />
			<en translate="finit" />
		</source>
		<source name="pf_Xi_opt">
			<cn translate="NS噪声抑制最优信噪比(pf_Xi_opt)" />
			<tw translate="NS噪聲抑制最优信噪比(pf_Xi_opt)" />
			<en translate="pf_Xi_opt" />
		</source>
		<source name="pf_ph1_thd">
			<cn translate="语音检测最大阈值(pf_ph1_thd)" />
			<tw translate="語音檢測最大閾值(pf_ph1_thd)" />
			<en translate="pf_ph1_thd" />
		</source>
		<source name="pf_GHmin">
			<cn translate="最低增益-最大噪声抑制(pf_GHmin)" />
			<tw translate="最低增益-最大噪聲抑制(pf_GHmin)" />
			<en translate="pf_GHmin" />
		</source>
		<source name="bwe_GHmin">
			<cn translate="最低增益-最大噪声抑制(GHmin)" />
			<tw translate="最低增益-最大噪聲抑制(GHmin)" />
			<en translate="GHmin" />
		</source>
		<source name="Psdmin">
			<cn translate="Psdmin" />
			<tw translate="Psdmin" />
			<en translate="Psdmin" />
		</source>
		
		<source name="SNR_s_Min">
			<cn translate="最小信号，平稳噪声比(SNR_s_Min)" />
			<tw translate="最小信號，平穩噪聲比(SNR_s_Min)" />
			<en translate="SNR_s_Min" />
		</source>
		<source name="SNR_ns_Min">
			<cn translate="最小信号，非平稳噪声比(SNR_ns_Min)" />
			<tw translate="最小信號，非平穩噪聲比(SNR_ns_Min)" />
			<en translate="SNR_ns_Min" />
		</source>
		<source name="pf_Gcn">
			<cn translate="CNG-舒适噪声量(pf_Gcn)" />
			<tw translate="CNG-舒適噪聲量(pf_Gcn)" />
			<en translate="pf_Gcn" />
		</source>
		<source name="rse_maxG">
			<cn translate="残留回声最大量(rse_maxG)" />
			<tw translate="殘留回聲最大量(rse_maxG)" />
			<en translate="rse_maxG" />
		</source>
		<source name="ref_thd">
			<cn translate="初始化参考帧数(ref_thd)" />
			<tw translate="初始化參考幀數(ref_thd)" />
			<en translate="ref_thd" />
		</source>
		<source name="dt_overest">
			<cn translate="双拼状态残留回声过估计参数(dt_overest)" />
			<tw translate="雙拼狀態殘留回聲過估計參數(dt_overest)" />
			<en translate="dt_overest" />
		</source>
		<source name="init_overest">
			<cn translate="初始化残留回声过估计参数(init_overest)" />
			<tw translate="雙拼狀態殘留回聲估計參數(init_overest)" />
			<en translate="init_overest" />
		</source>
		
		<!--高級PRM選項-->
		<source name="alpha_slow">
			<cn translate="功率谱估计慢速平滑因子(alpha_slow)" />
			<tw translate="功率譜估計慢速平滑因子(alpha_slow)" />
			<en translate="alpha_slow" />
		</source>
		<source name="alpha_fast">
			<cn translate="功率谱估计快速平滑因子(alpha_fast)" />
			<tw translate="功率谱估计快速平滑因子(alpha_fast)" />
			<en translate="alpha_fast" />
		</source>
		<source name="res_overest">
			<cn translate="残留回声过估计因子(res_overest)" />
			<tw translate="残留回声过估计因子(res_overest)" />
			<en translate="res_overest" />
		</source>
		<source name="alpha_fast_resG">
			<cn translate="残留回声估计快速平滑因子(alpha_fast_resG)" />
			<tw translate="残留回声估计快速平滑因子(alpha_fast_resG)" />
			<en translate="alpha_fast_resG" />
		</source>
		<source name="alpha_slow_resG">
			<cn translate="残留回声估计慢速平滑因子(alpha_slow_resG)" />
			<tw translate="残留回声估计慢速平滑因子(alpha_slow_resG)" />
			<en translate="alpha_slow_resG" />
		</source>
		<source name="dt_thd_norm">
			<cn translate="双讲检测阈值(dt_thd_norm)" />
			<tw translate="双讲检测阈值(dt_thd_norm)" />
			<en translate="dt_thd_norm" />
		</source>
		<source name="dt_thd_limit">
			<cn translate="双讲检测阈值低门限(dt_thd_limit)" />
			<tw translate="双讲检测阈值低门限(dt_thd_limit)" />
			<en translate="dt_thd_limit" />
		</source>
		<source name="dt_init_thd">
			<cn translate="初始化双讲检测因子(dt_init_thd)" />
			<tw translate="初始化双讲检测因子(dt_init_thd)" />
			<en translate="dt_init_thd" />
		</source>
		
		<source name="dt_steprise_decvar">
			<cn translate="双讲检测快速平滑因子(dt_steprise_decvar)" />
			<tw translate="双讲检测快速平滑因子(dt_steprise_decvar)" />
			<en translate="dt_steprise_decvar" />
		</source>
		<source name="dt_stepfall_decvar">
			<cn translate="双讲检测慢速平滑因子(dt_stepfall_decvar)" />
			<tw translate="双讲检测慢速平滑因子(dt_stepfall_decvar)" />
			<en translate="dt_stepfall_decvar" />
		</source>
		<source name="pf_alpha_npsd">
			<cn translate="噪声谱估计平滑因子(pf_alpha_npsd)" />
			<tw translate="噪声谱估计平滑因子(pf_alpha_npsd)" />
			<en translate="pf_alpha_npsd" />
		</source>
		<source name="alpha_npsd">
			<cn translate="噪声谱估计平滑因子(alpha_npsd)" />
			<tw translate="噪声谱估计平滑因子(alpha_npsd)" />
			<en translate="alpha_npsd" />
		</source>
		
		<source name="pf_alpha_PH1">
			<cn translate="语音概率平滑因子(pf_alpha_PH1)" />
			<tw translate="语音概率平滑因子(pf_alpha_PH1)" />
			<en translate="pf_alpha_PH1" />
		</source>
		<source name="pf_alpha_Xis">
			<cn translate="信号/平稳噪声比平滑因子(pf_alpha_Xis)" />
			<tw translate="信号/平稳噪声比平滑因子(pf_alpha_Xis)" />
			<en translate="pf_alpha_Xis" />
		</source>
		<source name="bwe_alpha_xis">
			<cn translate="信号/平稳噪声比平滑因子(alpha_Xis)" />
			<tw translate="信号/平稳噪声比平滑因子(alpha_Xis)" />
			<en translate="alpha_Xis" />
		</source>
		
		<source name="pf_alpha_Xins">
			<cn translate="信号/平稳噪声比非平滑因子(pf_alpha_Xins)" />
			<tw translate="信号/平稳噪声比非平滑因子(pf_alpha_Xins)" />
			<en translate="pf_alpha_Xins" />
		</source>
		<source name="pf_alpha_z">
			<cn translate="混响估计平滑因子(pf_alpha_z)" />
			<tw translate="混响估计平滑因子(pf_alpha_z)" />
			<en translate="pf_alpha_z" />
		</source>
		<source name="pf_alpha_Nmin_f">
			<cn translate="舒适噪声估计平滑因子(pf_alpha_Nmin_f)" />
			<tw translate="舒适噪声估计平滑因子(pf_alpha_Nmin_f)" />
			<en translate="pf_alpha_Nmin_f" />
		</source>
		<source name="pf_inc_Nmin_t">
			<cn translate="舒适噪声调整因子(pf_inc_Nmin_t)" />
			<tw translate="舒适噪声调整因子(pf_inc_Nmin_t)" />
			<en translate="pf_inc_Nmin_t" />
		</source>
		<source name="pf_decay">
			<cn translate="混响衰减因子(pf_decay)" />
			<tw translate="混响衰减因子(pf_decay)" />
			<en translate="pf_decay" />
		</source>
		<source name="avq_reftx">
			<cn translate="90db SPL麦克风信号功率(avq_reftx)" />
			<tw translate="90db SPL麦克风信号功率(avq_reftx)" />
			<en translate="avq_reftx" />
		</source>
		<source name="avq_refrx">
			<cn translate="90db SPL喇叭信号功率(avq_refrx)" />
			<tw translate="90db SPL喇叭信号功率(avq_refrx)" />
			<en translate="avq_refrx" />
		</source>
		<source name="avq_vadthd">
			<cn translate="语音活动检查阈值(avq_vadthd)" />
			<tw translate="语音活动检查阈值(avq_vadthd)" />
			<en translate="avq_vadthd" />
		</source>
		<source name="avq_offset">
			<cn translate="控制附加增益(avq_offset)" />
			<tw translate="控制附加增益(avq_offset)" />
			<en translate="avq_offset" />
		</source>
		<source name="avq_dec_step">
			<cn translate="控制衰减步长(avq_dec_step)" />
			<tw translate="控制衰减步长(avq_dec_step)" />
			<en translate="avq_dec_step" />
		</source>
		<source name="avq_sf_norm">
			<cn translate="归一化音量功率(avq_sf_norm)" />
			<tw translate="归一化音量功率(avq_sf_norm)" />
			<en translate="avq_sf_norm" />
		</source>
		<source name="avq_alpha_fref">
			<cn translate="喇叭信号功率估计快速平滑因子(avq_alpha_fref)" />
			<tw translate="喇叭信号功率估计快速平滑因子(avq_alpha_fref)" />
			<en translate="avq_alpha_fref" />
		</source>
		<source name="avq_alpha_sref">
			<cn translate="喇叭信号功率估计慢速平滑因子(avq_alpha_sref)" />
			<tw translate="喇叭信号功率估计慢速平滑因子(avq_alpha_sref)" />
			<en translate="avq_alpha_sref" />
		</source>
		<source name="avq_alpha_fn">
			<cn translate="噪声信号功率估计快速平滑因子(avq_alpha_fn)" />
			<tw translate="噪声信号功率估计快速平滑因子(avq_alpha_fn)" />
			<en translate="avq_alpha_fn" />
		</source>
		<source name="avq_alpha_sn">
			<cn translate="噪声信号功率估计慢速平滑因子(avq_alpha_sn)" />
			<tw translate="噪声信号功率估计慢速平滑因子(avq_alpha_sn)" />
			<en translate="avq_alpha_sn" />
		</source>
		<source name="avq_Gmax">
			<cn translate="自动音量控制最大增益(avq_Gmax)" />
			<tw translate="自动音量控制最大增益(avq_Gmax)" />
			<en translate="avq_Gmax" />
		</source>
		<source name="Npsd_bias">
			<cn translate="噪声估计偏置系数(Npsd_bias)" />
			<tw translate="噪声估计偏置系数(Npsd_bias)" />
			<en translate="Npsd_bias" />
		</source>
		<source name="decay_lthd">
			<cn translate="混响衰减阈值(decay_lthd)" />
			<tw translate="混响衰减阈值(decay_lthd)" />
			<en translate="decay_lthd" />
		</source>
		<source name="alpha_decay">
			<cn translate="混响预衰减估计平滑因子(alpha_decay)" />
			<tw translate="混响预衰减估计平滑因子(alpha_decay)" />
			<en translate="alpha_decay" />
		</source>
		<source name="decay_km">
			<cn translate="混响信混比慢速平滑因子(decay_km)" />
			<tw translate="混响信混比慢速平滑因子(decay_km)" />
			<en translate="decay_km" />
		</source>
		<source name="rise_km">
			<cn translate="混响信混比快速平滑因子(rise_km)" />
			<tw translate="混响信混比快速平滑因子(rise_km)" />
			<en translate="rise_km" />
		</source>
		<source name="thd_km">
			<cn translate="混响信混比阈值(thd_km)" />
			<tw translate="混响信混比阈值(thd_km)" />
			<en translate="thd_km" />
		</source>
		<source name="gain_smooth_thd">
			<cn translate="增益平滑阈值(gain_smooth_thd)" />
			<tw translate="增益平滑阈值(gain_smooth_thd)" />
			<en translate="gain_smooth_thd" />
		</source>
		<source name="gain_smooth_width">
			<cn translate="增益平滑宽度(gain_smooth_width)" />
			<tw translate="增益平滑宽度(gain_smooth_width)" />
			<en translate="gain_smooth_width" />
		</source>
		<source name="psd_Min">
			<cn translate="最小信号功率(psd_Min)" />
			<tw translate="最小信號功率(psd_Min)" />
			<en translate="psd_Min" />
		</source>
		<source name="rse_thd">
			<cn translate="连续单讲帧数(rse_thd)" />
			<tw translate="连续单讲帧数(rse_thd)" />
			<en translate="rse_thd" />
		</source>
		<source name="vadinc_time">
			<cn translate="VAD从非活动到活动的时间常数(vadinc_time)" />
			<tw translate="VAD从非活动到活动的时间常数(vadinc_time)" />
			<en translate="vadinc_time" />
		</source>
		<source name="vaddec_time">
			<cn translate="VAD从活动到非活动的时间常数(vaddec_time)" />
			<tw translate="VAD从活动到非活动的时间常数(vaddec_time)" />
			<en translate="vaddec_time" />
		</source>
		<source name="vadNmin">
			<cn translate="噪声功率最小值(vadNmin)" />
			<tw translate="噪声功率最小值(vadNmin)" />
			<en translate="vadNmin" />
		</source>
		<source name="vadVmin">
			<cn translate="语音功率最小值(vadVmin)" />
			<tw translate="语音功率最小值(vadVmin)" />
			<en translate="vadVmin" />
		</source>
		
		<source name="bwe_vthd">
			<cn translate="bwe_vthd" />
			<tw translate="bwe_vthd" />
			<en translate="bwe_vthd" />
		</source>
		
		<source name="dnoise_note">
			<cn translate="注意：pf_GHmin和SNR_s_Min一起调，SNR_s_Min略小于或者等于pf_GHmin" />
			<tw translate="注意：pf_GHmin和SNR_s_Min一起調，SNR_s_Min略小于或者等於pf_GHmin" />
			<en translate="Note:Both parameter pf_GHmin and SNR_s_Min are always modified together, parameter SNR_s_Min is little less or equal than pf_GHmin" />
		</source>
		
		<source name="freNote">
			<cn translate="注意：频率设置不要超过12K" />
			<tw translate="注意：頻率設置不要超過12K" />
			<en translate="Note:Frequent must less than 12K" />
		</source>
		
		<source name="btnResetConfig">
			<cn translate="复位配置页" />
			<tw translate="復位配置頁" />
			<en translate="reset" />
		</source>
		
		<source name="btnSynchronize">
			<cn translate="输出设置同步" />
			<tw translate="輸出設置同步" />
			<en translate="Output Sync." />
		</source>
		
		<source name="txtHeaderFile">
			<cn translate="h文件" />
			<tw translate="h檔案" />
			<en translate="h file" />
		</source>
		
		<source name="btnDownloadToRam">
			<cn translate="同步数据到内存" />
			<tw translate="同步數據到內存" />
			<en translate="Renew ram" />
		</source>
		
		<source name="btnUploadFromRam">
			<cn translate="提取数据到PC" />
			<tw translate="提取數據到PC" />
			<en translate="Upload ram" />
		</source>
		
		<source name="txtExportSingleConfig">
			<cn translate="导出单配置" />
			<tw translate="導出單配置" />
			<en translate="Save" />
		</source>
		
		<source name="txtImportSingleConfig">
			<cn translate="导入单配置" />
			<tw translate="導入單配置" />
			<en translate="Open" />
		</source>
		
		<source name="txtCurve">
			<cn translate="EQ曲线" />
			<tw translate="EQ曲线" />
			<en translate="Curve" />
		</source>
		
		<source name="txtBottomLine">
			<cn translate="--------------- 我是有底线的 ------------------" />
			<tw translate="--------------- 我是有底線的 ------------------" />
			<en translate="" />
		</source>
		
		<source name="toolTipOutputConnect">
			<cn translate="输出页面连接，当连接启动后，页面的参数改动会同时设置到另一个页面" />
			<tw translate="输出頁面連接，當連接啟動后，頁面的參數改動會同時設置到另一個頁面" />
			<en translate="Once connected, output page's parameter would be changed at the same time" />
		</source>
		<source name="tooltipInclude">
			<cn translate="生成代码示例" />
			<tw translate="生成代碼示例" />
			<en translate="Generate a include file" />
		</source>
		<source name="tooltipExport">
			<cn translate="导出配置" />
			<tw translate="導出配置" />
			<en translate="Export EQ data" />
		</source>
		<source name="tooltipImpport">
			<cn translate="导入配置" />
			<tw translate="導入配置" />
			<en translate="Import EQ data" />
		</source>
		<source name="tooltipReset">
			<cn translate="重置当前页面的EQ配置，并通知设备重置" />
			<tw translate="重置當前頁面的EQ配置，并通知設備重置" />
			<en translate="Reset current EQ configuration" />
		</source>
		<source name="tooltipSynData">
			<cn translate="将当前配置的EQ参数同步到设备RAM中" />
			<tw translate="將當前配置的EQ參數同步到設備RAM中" />
			<en translate="Push Current EQ data to RAM" />
		</source>
		<source name="tooltipUploadData">
			<cn translate="将RAM中运行的EQ参数同步到PC界面" />
			<tw translate="將RAM中運行的EQ參數同步到PC界面" />
			<en translate="Pull up EQ data from RAM" />
		</source>
		
		<source name="toneSwitch">
			<cn translate="音调开关" />
			<tw translate="音調開關" />
			<en translate="On / Off" />
		</source>
		<source name="tone">
			<cn translate="声音音调：" />
			<tw translate="聲音音調：" />
			<en translate="Tone:" />
		</source>
		
		<source name="3DSwitch">
			<cn translate="3D开关" />
			<tw translate="3D開關" />
			<en translate="3D Switch" />
		</source>
		<source name="earMode">
			<cn translate="耳机模式" />
			<tw translate="耳機模式" />
			<en translate="Headphone" />
		</source>
		<source name="speakerMode">
			<cn translate="扬声器模式" />
			<tw translate="揚聲器模式" />
			<en translate="Speaker" />
		</source>
		<source name="compositeWidth">
			<cn translate="综合宽度" />
			<tw translate="綜合寬度" />
			<en translate="Composite Width" />
		</source>
		<source name="spatialDepth">
			<cn translate="空间深度" />
			<tw translate="空間深度" />
			<en translate="Spatial Depth" />
		</source>
		<source name="tensorAngle">
			<cn translate="张量角度" />
			<tw translate="張量角度" />
			<en translate="Tensor Angle" />
		</source>

		<source name="spatialIntensity">
			<cn translate="空间强度" />
			<tw translate="空間強度" />
			<en translate="Spatial Intensity" />
		</source>
		<source name="bassIntensity">
			<cn translate="低音强度" />
			<tw translate="低音強度" />
			<en translate="Bass Intensity" />
		</source>
		<source name="resolution">
			<cn translate="解析度" />
			<tw translate="解析度" />
			<en translate="Resolution" />
		</source>
		<source name="bassFrePoint">
			<cn translate="低音频点" />
			<tw translate="低音頻點" />
			<en translate="BassFrequecyPoint" />
		</source>
		
		<source name="makeupGain">
			<cn translate="补偿增益" />
			<tw translate="補償增益" />
			<en translate="makeupGain" />
		</source>
		
		<source name="txtMic">
			<cn translate="话  筒" />
			<tw translate="話  筒" />
			<en translate="Mic" />
		</source>

		<source name="delaySwitch">
			<cn translate="延时开关" />
			<tw translate="延時開關" />
			<en translate="DelaySwitch" />
		</source>

		<source name="delay">
			<cn translate="延时" />
			<tw translate="延時" />
			<en translate="Delay" />
		</source>
		<source name="reverse">
			<cn translate="反向" />
			<tw translate="反向" />
			<en translate="Reverse" />
		</source>
		<source name="Mute">
			<cn translate="静音" />
			<tw translate="靜音" />
			<en translate="Mute" />
		</source>
		
		
		<source name="voiceSpeed">
			<cn translate="声音速度" />
			<tw translate="聲音速度" />
			<en translate="VoiceSpeed" />
		</source>
		<source name="resonace_co">
			<cn translate="共振系数" />
			<tw translate="共振係數" />
			<en translate="Formant" />
		</source>
		
		<source name="mixSwitch">
			<cn translate="混响开关" />
			<tw translate="混響開關" />
			<en translate="MixSwitch" />
        </source>
		<source name="msSwitch">
			<cn translate="立体声" />
			<tw translate="立軆聲" />
			<en translate="Stereo" />
		</source>
		<source name="mixTime">
			<cn translate="混响时间" />
			<tw translate="混響時間" />
			<en translate="MixTime" />
		</source>
		<source name="mixVolume">
			<cn translate="混响音量" />
			<tw translate="混響音量" />
			<en translate="MixVolume" />
		</source>
		<source name="directVolume">
			<cn translate="直达音量" />
			<tw translate="直達音量" />
			<en translate="DirectVolume" />
		</source>
		<source name="diffusionCoefficient">
			<cn translate="扩散系数" />
			<tw translate="擴散係數" />
			<en translate="diffusion" />
		</source>
		<source name="preDelay">
			<cn translate="预延时" />
			<tw translate="預延時" />
			<en translate="pre-delay" />
		</source>
		<source name="ldf">
			<cn translate="低频阻尼频点" />
			<tw translate="低頻阻尼頻點" />
			<en translate="LDF" />
		</source>
		<source name="hdf">
			<cn translate="高频阻尼频点" />
			<tw translate="高頻阻尼頻點" />
			<en translate="HDF" />
		</source>
		<source name="ld">
			<cn translate="低频阻尼" />
			<tw translate="低頻阻尼" />
			<en translate="LD" />
		</source>
		<source name="hd">
			<cn translate="高频阻尼" />
			<tw translate="高頻阻尼" />
			<en translate="HD" />
		</source>
		<source name="lpCutOffFre">
			<cn translate="低通截止频率" />
			<tw translate="低通截止頻率" />
			<en translate="LPCOF" />
		</source>
		<source name="hpCutOffFre">
			<cn translate="高通截止频率" />
			<tw translate="高通截止頻率" />
			<en translate="HPCOF" />
		</source>
		<source name="echoSwitch">
			<cn translate="回声开关" />
			<tw translate="回聲開關" />
			<en translate="EchoSwitch" />
		</source>
		<source name="lpFilter">
			<cn translate="低通滤波" />
			<tw translate="低通濾波" />
			<en translate="LPF" />
		</source>

		<source name="echoDirectVolume">
			<cn translate="回声直达音量" />
			<tw translate="回聲直達音量" />
			<en translate="Dry" />
		</source>
		<source name="echoMixVolume">
			<cn translate="回声混响音量" />
			<tw translate="回聲混響音量" />
			<en translate="Wet" />
		</source>
		<source name="lowPassFre">
			<cn translate="低通频率" />
			<tw translate="低通頻率" />
			<en translate="LP-Freq" />
		</source>
		<source name="echoDelay">
			<cn translate="回声延时" />
			<tw translate="回聲延時" />
			<en translate="Delay" />
		</source>
		<source name="echoDuplicateRate">
			<cn translate="回声重复率" />
			<tw translate="回聲重複率" />
			<en translate="Fb-Coff" />
		</source>
	</module>

	<module name="pageMusic" >
		<source name="titleMusic">
			<cn translate="TX PRM-EQ曲线" />
			<tw translate="音樂EQ曲線" />
			<en translate="Music EQ" />
		</source>
		<source name="predecay">
			<cn translate="预衰减" />
			<tw translate="預衰減" />
			<en translate="pre-decay" />
		</source>
	</module>

	<!--因为VSS和混响用的是同一布局-->
	<module name="pageVss" >
		<source name="titleMixEqCurve">
			<cn translate="混响EQ曲线" />
			<tw translate="混響EQ曲線" />
			<en translate="Mixture EQ Curve" />
		</source>
		
		<source name="titleVssEqCurve">
			<cn translate="虚拟环绕EQ曲线" />
			<tw translate="虛擬環繞EQ曲線" />
			<en translate="Vss EQ Curve" />
		</source>
	</module>

	<module name="pageOuput" >
		<source name="predecay">
			<cn translate="预衰减" />
			<tw translate="預衰減" />
			<en translate="pre-decay" />
		</source>
		<source name="FrequencyDividerSetting">
			<cn translate="分频器设置" />
			<tw translate="分頻器設置" />
			<en translate="Frequency Divider" />
		</source>
		<source name="highPass">
			<cn translate="高通：" />
			<tw translate="高通：" />
			<en translate="HighPass" />
		</source>
		<source name="highPassType">
			<cn translate="高通类型" />
			<tw translate="高通類型" />
			<en translate="HP Type" />
		</source>
		<source name="lowPass">
			<cn translate="低通：" />
			<tw translate="低通：" />
			<en translate="LowPass" />
		</source>
		<source name="lowPassType">
			<cn translate="低通类型" />
			<tw translate="低通類型" />
			<en translate="LP Type" />
		</source>
		
		<source name="titleEqCurveOutput1">
			<cn translate="输出1 EQ曲线" />
			<tw translate="輸出1 EQ曲線" />
			<en translate="Ouput1 EQ Curve" />
		</source>
		
		<source name="titleEqCurveOutput2">
			<cn translate="输出2 EQ曲线" />
			<tw translate="輸出2 EQ曲線" />
			<en translate="Ouput2 EQ Curve" />
		</source>
	</module>

	<module name="pageMic" >
		<source name="titleMicCurve">
			<cn translate="话筒EQ曲线" />
			<tw translate="話筒EQ曲線" />
			<en translate="Mic EQ Curve" />
		</source>
	</module>
	<module name="pageHw" >
		<source name="txtHardware">
			<cn translate="硬   件" />
			<tw translate="硬   體" />
			<en translate="Hardware" />
		</source>
		<source name="switch">
			<cn translate="使能" />
			<tw translate="激活" />
			<en translate="Enable" />
		</source>
	</module>
	<module name="pageEffect" >
		
	</module>

	<module name="common" >
		<source name="txtMusic">
			<cn translate="音  乐" />
			<tw translate="音  樂" />
			<en translate="Music" />
		</source>
		<source name="txtVss">
			<cn translate="虚拟环绕" />
			<tw translate="虛擬環繞" />
			<en translate="VSS" />
		</source>
		
		<source name="NhsNp">
			<cn translate="频率极值数" />
			<tw translate="頻率極值數" />
			<en translate="Polor Points" />
		</source>
		<source name="NhsNf">
			<cn translate="限波器数" />
			<tw translate="限波器数" />
			<en translate="Notch filters" />
		</source>
		<source name="NhsTptpr">
			<cn translate="无声门限" />
			<tw translate="無聲门限" />
			<en translate="Silent THD" />
		</source>
		<source name="NhsTpapr">
			<cn translate="平均能量方差" />
			<tw translate="平均能量方差" />
			<en translate="Peak to avg" />
		</source>
		<source name="NhsTphpr">
			<cn translate="谐波方差" />
			<tw translate="諧波方差" />
			<en translate="Peak to harmonic" />
		</source>
		<source name="NhsTpnpr">
			<cn translate="邻带方差" />
			<tw translate="鄰带方差" />
			<en translate="Peak to neighbor" />
		</source>
		<source name="NhsTdrop">
			<cn translate="理想啸叫抑制" />
			<tw translate="理想嘯叫抑制" />
			<en translate="To drop on Howl" />
		</source>
		<source name="NhsAtt">
			<cn translate="谐波高频衰减" />
			<tw translate="諧波高頻衰減" />
			<en translate="High relax in harmonic" />
		</source>
		<source name="NhsTestDrop">
			<cn translate="啸叫初诊判定时间" />
			<tw translate="嘯叫初診判定時間" />
			<en translate="Howling state1 test time" />
		</source>
		<source name="NhsTHist">
			<cn translate="啸叫进入判定时间" />
			<tw translate="嘯叫進入判定時間" />
			<en translate="Howling test history" />
		</source>
		<source name="NhsTestHold">
			<cn translate="啸叫确诊判定时间" />
			<tw translate="嘯叫確診判定時間" />
			<en translate="Howling state2 test time" />
		</source>
		<source name="NhsTrel">
			<cn translate="啸叫释放阈值" />
			<tw translate="嘯叫釋放閾值" />
			<en translate="Howling RelTHD" />
		</source>
		<source name="NhsTtone">
			<cn translate="单频判定阈值" />
			<tw translate="單頻判定閾值" />
			<en translate="Single tone THD" />
		</source>
		<source name="NhsGdstep">
			<cn translate="过载音量衰减步进" />
			<tw translate="過載音量衰減步進" />
			<en translate="Overloading Gdstep" />
		</source>
		<source name="NhsGfloor">
			<cn translate="极小过载音量衰减" />
			<tw translate="極小過載音量衰減" />
			<en translate="MIN Overloading GDecreasing" />
		</source>
		<source name="Nhstav">
			<cn translate="能量平滑时间" />
			<tw translate="能量平滑時間" />
			<en translate="PSD Smooth" />
		</source>
		<source name="Nhstdes">
			<cn translate="过载音量衰减间隔" />
			<tw translate="過載音量衰減間隔" />
			<en translate="Overloading Gdstep TimeHold" />
		</source>
		<source name="Nhstaes">
			<cn translate="音量恢复间隔" />
			<tw translate="音量恢復間隔" />
			<en translate="GAsend TimeHold" />
		</source>
		<source name="Nhstent">
			<cn translate="啸叫复诊判定时间" />
			<tw translate="嘯叫復診判定時間" />
			<en translate="Howling enter state2 time" />
		</source>
		<source name="Nhstsmooth">
			<cn translate="限波系数平滑" />
			<tw translate="限波系數平滑" />
			<en translate="Notch filter smooth" />
		</source>
		<source name="limiter">
			<cn translate="限幅器" />
			<tw translate="限幅器" />
			<en translate="Limiter" />
		</source>
		<source name="compressor">
			<cn translate="压缩器" />
			<tw translate="壓縮器" />
			<en translate="Compressor" />
		</source>
		<source name="expander">
			<cn translate="扩展器" />
			<tw translate="擴展器" />
			<en translate="Expander" />
		</source>
		<source name="noiseGate">
			<cn translate="噪声门" />
			<tw translate="噪聲門" />
			<en translate="NoiseGate" />
		</source>
		<source name="peakTracer">
			<cn translate="峰值跟踪器" />
			<tw translate="峰值跟蹤器" />
			<en translate="Peak tracer" />
		</source>
		
		<source name="lookAhead">
			<cn translate="前视参数" />
			<tw translate="前視參數" />
			<en translate="Look-Ahead" />
		</source>
		<source name="lev_mode">
			<cn translate="模式" />
			<tw translate="模式" />
			<en translate="lev-mode" />
		</source>
		
		
		<source name="switch">
			<cn translate="   开 关" />
			<tw translate="   開 關" />
			<en translate="On/Off" />
		</source>

		<source name="startLevel">
			<cn translate="启动电平:" />
			<tw translate="啟動電平:" />
			<en translate="StartLevel:" />
		</source>
		<source name="compressRate">
			<cn translate="压缩比例:" />
			<tw translate="壓縮比例:" />
			<en translate="CompressRate:" />
		</source>
		<source name="startTime">
			<cn translate="启动时间:" />
			<tw translate="啟動時間:" />
			<en translate="Att-Time:" />
		</source>
		<source name="kw">
			<cn translate="过渡宽度:" />
			<tw translate="過渡寬度:" />
			<en translate="K-Width:" />
		</source>
		<source name="holdTime">
			<cn translate="保持时间:" />
			<tw translate="保持時間:" />
			<en translate="Hold Time:" />
		</source>
		<source name="releaseTime">
			<cn translate="释放时间:" />
			<tw translate="釋放時間:" />
			<en translate="Rel-Time:" />
		</source>

		<source name="frequent">
			<cn translate="频率" />
			<tw translate="頻率" />
			<en translate="Freq" />
		</source>
		<source name="Q">
			<cn translate="Q值" />
			<tw translate="Q值" />
			<en translate="Q" />
		</source>
		<source name="gain">
			<cn translate="增益" />
			<tw translate="增益" />
			<en translate="Gain" />
		</source>
		<source name="eqType">
			<cn translate="EQ类型" />
			<tw translate="EQ類型" />
			<en translate="EQ-Type" />
		</source>
		<source name="lowShelf">
			<cn translate="低棚架" />
			<tw translate="低棚架" />
			<en translate="LowShelf" />
		</source>
		<source name="balance">
			<cn translate="平衡" />
			<tw translate="平衡" />
			<en translate="PeakNotch" />
		</source>
		<source name="highShelf">
			<cn translate="高棚架" />
			<tw translate="高棚架" />
			<en translate="HighShelf" />
		</source>
		<source name="lowPass">
			<cn translate="低通" />
			<tw translate="低通" />
			<en translate="LP" />
		</source>
		<source name="bandPass">
			<cn translate="带通" />
			<tw translate="帶通" />
			<en translate="BP" />
		</source>
		<source name="highPass">
			<cn translate="高通" />
			<tw translate="高通" />
			<en translate="HP" />
		</source>
		
		<source name="file">
			<cn translate="文件" />
			<tw translate="檔案" />
			<en translate="file" />
		</source>
	</module>
	<module name="messageBox">
		<source name="tipsTile">
			<cn translate="提示" />
			<tw translate="提示" />
			<en translate="Tips" />
		</source>
		<source name="errorTile">
			<cn translate="错误" />
			<tw translate="錯誤" />
			<en translate="Error" />
		</source>

		<source name="mixMemoryExceed">
			<cn translate="内存已经超出,混响无法使用" />
			<tw translate="記憶體不足，混響無法使用" />
			<en translate="Lack of memory" />
		</source>
		<source name="echoMemoryExceed">
			<cn translate="内存已经超出,回声无法使用" />
			<tw translate="記憶體不足，回聲無法使用" />
			<en translate="Lack of memory" />
		</source>
		<source name="micMemoryExceed">
			<cn translate="内存已经超出,mic无法使用" />
			<tw translate="記憶體不足，mic無法使用" />
			<en translate="Lack of memory" />
		</source>
		<source name="3DMemoryExceed">
			<cn translate="内存已经超出,3d无法使用" />
			<tw translate="記憶體不足，3d無法使用" />
			<en translate="Lack of memory" />
		</source>
		<source name="musicToneMemoryExceed">
			<cn translate="内存已经超出,音乐无法使用" />
			<tw translate="記憶體不足，音樂無法使用" />
			<en translate="Lack of memory" />
		</source>
		<source name="instanceRun">
			<cn translate="已经有一个实例在运行" />
			<tw translate="已經有一個實例在運行" />
			<en translate="One more instance is running" />
		</source>
		<source name="downloadComplete">
			<cn translate="下载成功" />
			<tw translate="下载成功" />
			<en translate="Download finish" />
		</source>
		<source name="unknowFlash">
			<cn translate="未能识别到FLASH" />
			<tw translate="未能識別到FLASH" />
			<en translate="Unknown flash" />
		</source>
		<source name="errorEqAddr">
			<cn translate="目标芯片中的EQ地址配置不正确" />
			<tw translate="目標芯片中的EQ地址配置不正確" />
			<en translate="Error EQ address" />
		</source>

		<source name="errorUSB">
			<cn translate="通信错误" />
			<tw translate="通信錯誤" />
			<en translate="Error Communication" />
		</source>
		<source name="errorDataCheck">
			<cn translate="数据校验错误" />
			<tw translate="數據校驗錯誤" />
			<en translate="Data check error" />
		</source>
		<source name="fileExist">
			<cn translate="文件已经存在，是否要覆盖？" />
			<tw translate="檔案已經存在，是否要覆蓋？" />
			<en translate="File has exist,Override it?" />
		</source>

		<source name="fileSaveComplete">
			<cn translate="文件保存完毕" />
			<tw translate="檔案保存完畢" />
			<en translate="Save Complete" />
		</source>
		<source name="formatError">
			<cn translate="文件格式错误" />
			<tw translate="檔案格式錯誤" />
			<en translate="Data format Error" />
		</source>
		<source name="noeqdata">
			<cn translate="无AENC数据" />
			<tw translate="无AENC数据" />
			<en translate="No eq data" />
		</source>
		<source name="offline">
			<cn translate="设备没有在线" />
			<tw translate="设备没有在线" />
			<en translate="Device offline" />
		</source>
		<source name="uploadComplete">
			<cn translate="数据提取完毕" />
			<tw translate="數據提取完畢" />
			<en translate="Get data complete" />
		</source>
		<source name="inputLabel">
			<cn translate="请输入标签" />
			<tw translate="請輸入標籤" />
			<en translate="Input a name" />
		</source>
		<source name="configNotSupport">
			<cn translate="请输入标签" />
			<tw translate="請輸入標籤" />
			<en translate="Input a name" />
		</source>
		<source name="configCannotApply">
			<cn translate="文件包含多个配置项，此文件不被该操作支持" />
			<tw translate="請輸入標籤" />
			<en translate="File can not be applied" />
		</source>
		<source name="errorFormat">
			<cn translate="不支持的文件格式" />
			<tw translate="不支持的檔案格式" />
			<en translate="Format error" />
		</source>
		<source name="errorFileCheck">
			<cn translate="文件CRC校验出错" />
			<tw translate="檔案CRC校驗出錯" />
			<en translate="Error File" />
		</source>
		<source name="eqFileOnly">
			<cn translate="只能选入eq2或者eq后缀的文件" />
			<tw translate="只能選入eq2或者eq後綴的文件" />
			<en translate="File is not support" />
		</source>
		<source name="synComplete">
			<cn translate="同步完毕" />
			<tw translate="同步完畢" />
			<en translate="Synchronization completed" />
		</source>
		<source name="errorConfigFile">
			<cn translate="配置文件config.xml存在错误,无法解析" />
			<tw translate="檔案config.xml存在錯誤，無法解析" />
			<en translate="config.xml is not xml-format" />
		</source>
		<source name="msgPageMax">
			<cn translate="已经达到最大的配置个数，无法再增加" />
			<tw translate="已經達到最大的配置個數，無法再增加" />
			<en translate="Can not add new configuration anymore" />
		</source>
		
		<source name="fileCombineComplete">
			<cn translate="文件合并完成" />
			<tw translate="檔案合併完畢" />
			<en translate="Operation completed" />
		</source>
		
		<source name="fileNoEq">
			<cn translate="文件没有EQ分区" />
			<tw translate="檔案不存在EQ分區" />
			<en translate="No EQ zone find" />
		</source>
		
		<source name="eqFileOverwriteMbr">
			<cn translate="EQ数据太大，覆盖到其它模块，无法合并" />
			<tw translate="EQ數據太大，覆蓋到其它模組，無法合併" />
			<en translate="EQ data can be overwrite other module, prevent combine to up file" />
		</source>
		
		<source name="eqFileAccessError">
			<cn translate="EQ文件无法访问" />
			<tw translate="EQ檔案無法訪問" />
			<en translate="EQ file can be not accessed" />
		</source>
	</module>
	
	<module name="eqTips">
		<source name="eqFreTips">
			<cn translate="鼠标滚轮以及键盘的上/下键可以调值" />
			<tw translate="鼠標滾輪以及鍵盤的上/下鍵可以調值" />
			<en translate="Mouse wheel and Up/Down key can change value" />
		</source>
		<source name="eqQTips">
			<cn translate="鼠标滚轮以及键盘的上/下键可以调值" />
			<tw translate="鼠標滾輪以及鍵盤的上/下鍵可以調值" />
			<en translate="Mouse wheel and Up/Down key can change value" />
		</source>
		<source name="eqGainTips">
			<cn translate="鼠标滚轮以及键盘的上/下键可以调值" />
			<tw translate="鼠標滾輪以及鍵盤的上/下鍵可以調值" />
			<en translate="Mouse wheel and Up/Down key can change value" />
		</source>
	</module>
	<module name="newSubConfig">
		<source name="lbNewConfig">
			<cn translate="新建配置" />
			<tw translate="新建配置" />
			<en translate="New Configuration" />
		</source>
		<source name="lbConfirm">
			<cn translate="确 认" />
			<tw translate="確 認" />
			<en translate="OK" />
		</source>
		<source name="lbCancel">
			<cn translate="取 消" />
			<tw translate="取 消" />
			<en translate="Cancel" />
		</source>
		<source name="txtInputLabel">
			<cn translate="请输入一个标签" />
			<tw translate="請輸入一個標籤" />
			<en translate="Input a label" />
		</source>
	</module>
	
	<module name="settingDlg" >
		<source name="titleSetting">
			<cn translate="设 置" />
			<tw translate="設 置" />
			<en translate="Setting" />
		</source>
	
		<source name="txtComSetting">
			<cn translate="通信设置" />
			<tw translate="通訊設置" />
			<en translate="BT Setting" />
		</source>
		
		<source name="txtBaseSetting">
			<cn translate="基本设置" />
			<tw translate="基本設置" />
			<en translate="Base Setting" />
		</source>
		
		<source name="txtBtCom">
			<cn translate="蓝牙串口" />
			<tw translate="藍牙串口" />
			<en translate="Bt COM" />
		</source>
		
		<source name="txtNotify">
			<cn translate="注意，当USB和蓝牙串口同时存在时，会优先使用蓝牙串口" />
			<tw translate="注意，當USB和藍牙串口同時存在時，會優先使用藍牙串口" />
			<en translate="" />
		</source>
		
		<source name="txtFreStep">
			<cn translate="频率滚轮步进值" />
			<tw translate="頻率滾輪步進值" />
			<en translate="Frequent Step"/>
		</source>
		
		<source name="txtQStep">
			<cn translate="Q值滚轮步进值" />
			<tw translate="Q值滾輪步進值" />
			<en translate="Q Step"/>
		</source>
		<source name="txtGainStep">
			<cn translate="增益滚轮步进值" />
			<tw translate="增益滾輪步進值" />
			<en translate="Gain Step"/>
		</source>
		
		<source name="txtClose">
			<cn translate="退 出" />
			<tw translate="退 出" />
			<en translate="Close"/>
		</source>
		
		<source name="selectCom">
			<cn translate="请选择一个串口" />
			<tw translate="請選擇一個串口" />
			<en translate="Please Select a COM"/>
		</source>
		
		<source name="SPP_FAIL">
			<cn translate="蓝牙串口测试失败，请确保该串口为蓝牙串口并打开了SPP服务" />
			<tw translate="藍牙串口測試失敗，請確保該串口為藍牙串口并打開了SPP服務" />
			<en translate="Can not access target, please confirm device's SPP server is opened "/>
		</source>

	</module>	
</translator>
